{
  "calibration_width": 640,
  "calibration_height": 480,
  "lines": [
    {
      "start_x": 0.15625,
      "start_y": 0.17291666666666666,
      "end_x": 0.1703125,
      "end_y": 0.91875,
      "length": 100.0,
      "unit": "in",
      "name": "1",
      "color": [
        0,
        255,
        0
      ]
    },
    {
      "start_x": 0.1703125,
      "start_y": 0.91875,
      "end_x": 0.878125,
      "end_y": 0.9083333333333333,
      "length": 100.0,
      "unit": "in",
      "name": "2",
      "color": [
        0,
        255,
        0
      ]
    },
    {
      "start_x": 0.878125,
      "start_y": 0.9083333333333333,
      "end_x": 0.853125,
      "end_y": 0.18125,
      "length": 100.0,
      "unit": "in",
      "name": "3",
      "color": [
        0,
        255,
        0
      ]
    },
    {
      "start_x": 0.853125,
      "start_y": 0.18125,
      "end_x": 0.15625,
      "end_y": 0.17291666666666666,
      "length": 100.0,
      "unit": "in",
      "name": "4",
      "color": [
        0,
        255,
        0
      ]
    }
  ]
}